select user(), database ();



insert into attendings values
	 ('h1a','재학')
	,('h1b','휴학')
	,('h1c','졸업')
	,('h1d','제적');


insert into militarys values
	 ('y2a','미필')
	,('y2b','군필')
	,('y2c','면제');

insert into days values
	 (1,'주간')
	,(2,'야간');

insert into department values
	 (1,'자동차공학')
	,(2,'컴퓨터정보')
	,(3,'산업설비');



insert into students values
	 (18020017,'박제선',980806,1000000)
	,(18010016,'한동성',980920,1000000)
	,(17010012,'박태준',971011,1000000)
	,(18020028,'정정일',981226,1000000)
	,(18020015,'정연희',981112,2000000)
	,(17030001,'유기수',978324,1000000)
	,(18010018,'임정만',970228,1000000)
	,(18010030,'박선호',940806,1000000)
	,(18020001,'임성준',980301,1000000)
	,(18020029,'이준민',980605,1000000)
	,(18010019,'이강길',981127,1000000)
	,(18020037,'하에준',951225,2000000)
	,(18020027,'박다영',981117,2000000)
	,(18020026,'여효주',881019,2000000)
	,(18020010,'전인우',980430,1000000);

insert into codes values
 	 (18020017,1,1,1,'h1a','y2a')
	,(18010016,1,2,1,'h1a','y2a')
	,(17010012,2,2,2,'h1b','y2a')
	,(18020028,1,1,1,'h1b','y2a')
	,(18020015,1,1,1,'h1a','y2a')
	,(17030001,2,3,2,'h1b','y2c')
	,(18010018,1,2,2,'h1a','y2a')
	,(18010030,2,2,1,'h1a','y2b')
	,(18020001,1,1,1,'h1a','y2a')
	,(18020029,1,1,1,'h1a','y2a')
	,(18010019,1,2,1,'h1b','y2a')
	,(18020037,2,1,1,'h1a','y2b')
	,(18020027,1,3,1,'h1a','y2a')
	,(18020026,1,2,1,'h1a','y2b')
	,(18020010,1,2,1,'h1a','y2a');

insert into scores values
 	 (18020017,100,80,90)
	,(18010016,80,60,90)
	,(17010012,50,60,80)
	,(18020028,56,100,88)
	,(18020015,6,65,88)
	,(17030001,100,64,51)
	,(18010018,81,94,51)
	,(18010030,92,83,92)
	,(18020001,94,85,61)
	,(18020029,15,27,34)
	,(18010019,42,85,61)
	,(18020037,66,42,49)
	,(18020027,85,15,90)
	,(18020026,77,51,67)
	,(18020010,42,29,88);

insert into ranking values
	 ('A',4.5,91,100)
	,('B',3.5,81,90)
	,('C',2.5,71,80)
	,('D',1.5,61,70)
	,('F',0,0,60);
	 
	 
select * from students;
select * from codes ;
select * from ranking;

desc ranking ;
